NHBCPolicyNo,PlotNo,FlatNo,Address,Date,Filename
AW169929,B.1-0-1,,"8 Gas Holder Place, SE11 5BJ",01/05/2025,"R459-MBS-BZ-00-CT-X-64101 - B101 - IRS Data Cert - 8 Gas Holder Place, London, SE11 5BJ.pdf"
AW169930,B.1-0-2,,"6 Gas Holder Place, SE11 5BJ",01/05/2025,"R459-MBS-BZ-00-CT-X-64102 - B102 - IRS Data Cert - 6 Gas Holder Place, London, SE11 5BJ.pdf"
AW169931,B.1-0-3,,"4 Gas Holder Place, SE11 5BJ",01/05/2025,"R459-MBS-BZ-00-CT-X-64103 - B103 - IRS Data Cert - 4 Gas Holder Place, London, SE11 5BJ.pdf"
AW169932,B.1-0-4,,"2 Gas Holder Place, SE11 5BJ",01/05/2025,"R459-MBS-BZ-00-CT-X-64104 - B104 - IRS Data Cert - 2 Gas Holder Place, London, SE11 5BJ.pdf"
AW169933,B.1-0-5,1,"10 Gas Holder Place, SE11 5BF",01/05/2025,"R459-MBS-BZ-00-CT-X-64105 - B105 - IRS Data Cert - Flat 1 - 10 Gas Holder Place, London, SE11 5BF.pdf"
AW169934,B.1-0-6,2,"10 Gas Holder Place, SE11 5BF",01/05/2025,"R459-MBS-BZ-00-CT-X-64106 - B106 - IRS Data Cert - Flat 2 - 10 Gas Holder Place, London, SE11 5BF.pdf"
AW013065,B.1-1-1,3,"10 Gas Holder Place, SE11 5BF",01/05/2025,"R459-MBS-BZ-01-CT-X-64111 - B111 - IRS Data Cert - Flat 3 - 10 Gas Holder Place, London, SE11 5BF.pdf"
AW013066,B.1-1-2,4,"10 Gas Holder Place, SE11 5BF",01/05/2025,"R459-MBS-BZ-01-CT-X-64112 - B112 - IRS Data Cert - Flat 4 - 10 Gas Holder Place, London, SE11 5BF.pdf"
AW013067,B.1-1-3,5,"10 Gas Holder Place, SE11 5BF",01/05/2025,"R459-MBS-BZ-01-CT-X-64113 - B113 - IRS Data Cert - Flat 5 - 10 Gas Holder Place, London, SE11 5BF.pdf"
AW013068,B.1-1-4,6,"10 Gas Holder Place, SE11 5BF",01/05/2025,"R459-MBS-BZ-01-CT-X-64114 - B114 - IRS Data Cert - Flat 6 - 10 Gas Holder Place, London, SE11 5BF.pdf"
AW013069,B.1-1-5,7,"10 Gas Holder Place, SE11 5BF",01/05/2025,"R459-MBS-BZ-01-CT-X-64115 - B115 - IRS Data Cert - Flat 7 - 10 Gas Holder Place, London, SE11 5BF.pdf"
AW013070,B.1-1-6,8,"10 Gas Holder Place, SE11 5BF",01/05/2025,"R459-MBS-BZ-01-CT-X-64116 - B116 - IRS Data Cert - Flat 8 - 10 Gas Holder Place, London, SE11 5BF.pdf"
AW013071,B.1-1-7,9,"10 Gas Holder Place, SE11 5BF",01/05/2025,"R459-MBS-BZ-01-CT-X-64117 - B117 - IRS Data Cert - Flat 9 - 10 Gas Holder Place, London, SE11 5BF.pdf"
AW013072,B.1-1-8,10,"10 Gas Holder Place, SE11 5BF",01/05/2025,"R459-MBS-BZ-01-CT-X-64118 - B118 - IRS Data Cert - Flat 10 - 10 Gas Holder Place, London, SE11 5BF.pdf"
AW013073,B.1-1-9,11,"10 Gas Holder Place, SE11 5BF",01/05/2025,"R459-MBS-BZ-01-CT-X-64119 - B119 - IRS Data Cert - Flat 11 - 10 Gas Holder Place, London, SE11 5BF.pdf"
AW013102,B.1-1-10,23,"10 Gas Holder Place, SE11 5BF",01/05/2025,"R459-MBS-BZ-01-CT-X-641110 - B1110 - IRS Data Cert - Flat 23 - 10 Gas Holder Place, London, SE11 5BF.pdf"
AW013101,B.1-1-11,24,"10 Gas Holder Place, SE11 5BF",01/05/2025,"R459-MBS-BZ-01-CT-X-641111 - B1111 - IRS Data Cert - Flat 24 - 10 Gas Holder Place, London, SE11 5BF.pdf"
AW013074,B.1-2-1,25,"10 Gas Holder Place, SE11 5BF",01/05/2025,"R459-MBS-BZ-02-CT-X-64121 - B121 - IRS Data Cert - Flat 25 - 10 Gas Holder Place, London, SE11 5BF.pdf"
AW013075,B.1-2-2,26,"10 Gas Holder Place, SE11 5BF",01/05/2025,"R459-MBS-BZ-02-CT-X-64122 - B122 - IRS Data Cert - Flat 26 - 10 Gas Holder Place, London, SE11 5BF.pdf"
AW013076,B.1-2-3,27,"10 Gas Holder Place, SE11 5BF",01/05/2025,"R459-MBS-BZ-02-CT-X-64123 - B123 - IRS Data Cert - Flat 27 - 10 Gas Holder Place, London, SE11 5BF.pdf"
AW013077,B.1-2-4,28,"10 Gas Holder Place, SE11 5BF",01/05/2025,"R459-MBS-BZ-02-CT-X-64124 - B124 - IRS Data Cert - Flat 28 - 10 Gas Holder Place, London, SE11 5BF.pdf"
AW013078,B.1-2-5,29,"10 Gas Holder Place, SE11 5BF",01/05/2025,"R459-MBS-BZ-02-CT-X-64125 - B125 - IRS Data Cert - Flat 29 - 10 Gas Holder Place, London, SE11 5BF.pdf"
AW013079,B.1-2-6,30,"10 Gas Holder Place, SE11 5BF",01/05/2025,"R459-MBS-BZ-02-CT-X-64126 - B126 - IRS Data Cert - Flat 30 - 10 Gas Holder Place, London, SE11 5BF.pdf"
AW013080,B.1-2-7,31,"10 Gas Holder Place, SE11 5BF",01/05/2025,"R459-MBS-BZ-02-CT-X-64127 - B127 - IRS Data Cert - Flat 31 - 10 Gas Holder Place, London, SE11 5BF.pdf"
AW013081,B.1-2-8,32,"10 Gas Holder Place, SE11 5BF",01/05/2025,"R459-MBS-BZ-02-CT-X-64128 - B128 - IRS Data Cert - Flat 32 - 10 Gas Holder Place, London, SE11 5BF.pdf"
AW013082,B.1-2-9,33,"10 Gas Holder Place, SE11 5BF",01/05/2025,"R459-MBS-BZ-02-CT-X-64129 - B129 - IRS Data Cert - Flat 33 - 10 Gas Holder Place, London, SE11 5BF.pdf"
AW013103,B.1-2-10,45,"10 Gas Holder Place, SE11 5BF",01/05/2025,"R459-MBS-BZ-02-CT-X-641210 - B1210 - IRS Data Cert - Flat 45 - 10 Gas Holder Place, London, SE11 5BF.pdf"
AW013104,B.1-2-11,46,"10 Gas Holder Place, SE11 5BF",01/05/2025,"R459-MBS-BZ-02-CT-X-641211 - B1211 - IRS Data Cert - Flat 46 - 10 Gas Holder Place, London, SE11 5BF.pdf"
AW013083,B.1-3-1,47,"10 Gas Holder Place, SE11 5BF",01/05/2025,"R459-MBS-BZ-03-CT-X-64131 - B131 - IRS Data Cert - Flat 47 - 10 Gas Holder Place, London, SE11 5BF.pdf"
AW013084,B.1-3-2,48,"10 Gas Holder Place, SE11 5BF",01/05/2025,"R459-MBS-BZ-03-CT-X-64132 - B132 - IRS Data Cert - Flat 48 - 10 Gas Holder Place, London, SE11 5BF.pdf"
AW013085,B.1-3-3,49,"10 Gas Holder Place, SE11 5BF",01/05/2025,"R459-MBS-BZ-03-CT-X-64133 - B133 - IRS Data Cert - Flat 49 - 10 Gas Holder Place, London, SE11 5BF.pdf"
AW013086,B.1-3-4,50,"10 Gas Holder Place, SE11 5BF",01/05/2025,"R459-MBS-BZ-03-CT-X-64134 - B134 - IRS Data Cert - Flat 50 - 10 Gas Holder Place, London, SE11 5BF.pdf"
AW013087,B.1-3-5,51,"10 Gas Holder Place, SE11 5BF",01/05/2025,"R459-MBS-BZ-03-CT-X-64135 - B135 - IRS Data Cert - Flat 51 - 10 Gas Holder Place, London, SE11 5BF.pdf"
AW013088,B.1-3-6,52,"10 Gas Holder Place, SE11 5BF",01/05/2025,"R459-MBS-BZ-03-CT-X-64136 - B136 - IRS Data Cert - Flat 52 - 10 Gas Holder Place, London, SE11 5BF.pdf"
AW013089,B.1-3-7,53,"10 Gas Holder Place, SE11 5BF",01/05/2025,"R459-MBS-BZ-03-CT-X-64137 - B137 - IRS Data Cert - Flat 53 - 10 Gas Holder Place, London, SE11 5BF.pdf"
AW013090,B.1-3-8,54,"10 Gas Holder Place, SE11 5BF",01/05/2025,"R459-MBS-BZ-03-CT-X-64138 - B138 - IRS Data Cert - Flat 54 - 10 Gas Holder Place, London, SE11 5BF.pdf"
AW013091,B.1-3-9,55,"10 Gas Holder Place, SE11 5BF",01/05/2025,"R459-MBS-BZ-03-CT-X-64139 - B139 - IRS Data Cert - Flat 55 - 10 Gas Holder Place, London, SE11 5BF.pdf"
AW013105,B.1-3-10,66,"10 Gas Holder Place, SE11 5BH",01/05/2025,"R459-MBS-BZ-03-CT-X-641310 - B1310 - IRS Data Cert - Flat 66 - 10 Gas Holder Place, London, SE11 5BH.pdf"
AW013106,B.1-3-11,67,"10 Gas Holder Place, SE11 5BH",01/05/2025,"R459-MBS-BZ-03-CT-X-641311 - B1311 - IRS Data Cert - Flat 67 - 10 Gas Holder Place, London, SE11 5BH.pdf"
AW013092,B.1-4-1,68,"10 Gas Holder Place, SE11 5BH",01/05/2025,"R459-MBS-BZ-04-CT-X-64141 - B141 - IRS Data Cert - Flat 68 - 10 Gas Holder Place, London, SE11 5BH.pdf"
AW013093,B.1-4-2,69,"10 Gas Holder Place, SE11 5BH",01/05/2025,"R459-MBS-BZ-04-CT-X-64142 - B142 - IRS Data Cert - Flat 69 - 10 Gas Holder Place, London, SE11 5BH.pdf"
AW013094,B.1-4-3,70,"10 Gas Holder Place, SE11 5BH",01/05/2025,"R459-MBS-BZ-04-CT-X-64143 - B143 - IRS Data Cert - Flat 70 - 10 Gas Holder Place, London, SE11 5BH.pdf"
AW013095,B.1-4-4,71,"10 Gas Holder Place, SE11 5BH",01/05/2025,"R459-MBS-BZ-04-CT-X-64144 - B144 - IRS Data Cert - Flat 71 - 10 Gas Holder Place, London, SE11 5BH.pdf"
AW013096,B.1-4-5,72,"10 Gas Holder Place, SE11 5BH",01/05/2025,"R459-MBS-BZ-04-CT-X-64145 - B145 - IRS Data Cert - Flat 72 - 10 Gas Holder Place, London, SE11 5BH.pdf"
AW013097,B.1-4-6,73,"10 Gas Holder Place, SE11 5BH",01/05/2025,"R459-MBS-BZ-04-CT-X-64146 - B146 - IRS Data Cert - Flat 73 - 10 Gas Holder Place, London, SE11 5BH.pdf"
AW013098,B.1-4-7,74,"10 Gas Holder Place, SE11 5BH",01/05/2025,"R459-MBS-BZ-04-CT-X-64147 - B147 - IRS Data Cert - Flat 74 - 10 Gas Holder Place, London, SE11 5BH.pdf"
AW013099,B.1-4-8,75,"10 Gas Holder Place, SE11 5BH",01/05/2025,"R459-MBS-BZ-04-CT-X-64148 - B148 - IRS Data Cert - Flat 75 - 10 Gas Holder Place, London, SE11 5BH.pdf"
AW013100,B.1-4-9,76,"10 Gas Holder Place, SE11 5BH",01/05/2025,"R459-MBS-BZ-04-CT-X-64149 - B149 - IRS Data Cert - Flat 76 - 10 Gas Holder Place, London, SE11 5BH.pdf"
AW013107,B.1-4-10,87,"10 Gas Holder Place, SE11 5BH",01/05/2025,"R459-MBS-BZ-04-CT-X-641410 - B1410 - IRS Data Cert - Flat 87 - 10 Gas Holder Place, London, SE11 5BH.pdf"
AW013108,B.1-4-11,88,"10 Gas Holder Place, SE11 5BH",01/05/2025,"R459-MBS-BZ-04-CT-X-641411 - B1411 - IRS Data Cert - Flat 88 - 10 Gas Holder Place, London, SE11 5BH.pdf"
AW013101,B.1-5-1,89,"10 Gas Holder Place, SE11 5BH",01/05/2025,"R459-MBS-BZ-05-CT-X-64151 - B151 - IRS Data Cert - Flat 89 - 10 Gas Holder Place, London, SE11 5BH.pdf"
AW013133,B.1-5-2,90,"10 Gas Holder Place, SE11 5BH",01/05/2025,"R459-MBS-BZ-05-CT-X-64152 - B152 - IRS Data Cert - Flat 90 - 10 Gas Holder Place, London, SE11 5BH.pdf"
AW013134,B.1-5-3,91,"10 Gas Holder Place, SE11 5BH",01/05/2025,"R459-MBS-BZ-05-CT-X-64153 - B153 - IRS Data Cert - Flat 91 - 10 Gas Holder Place, London, SE11 5BH.pdf"
AW013135,B.1-5-4,92,"10 Gas Holder Place, SE11 5BH",01/05/2025,"R459-MBS-BZ-05-CT-X-64154 - B154 - IRS Data Cert - Flat 92 - 10 Gas Holder Place, London, SE11 5BH.pdf"
AW013136,B.1-5-5,93,"10 Gas Holder Place, SE11 5BH",01/05/2025,"R459-MBS-BZ-05-CT-X-64155 - B155 - IRS Data Cert - Flat 93 - 10 Gas Holder Place, London, SE11 5BH.pdf"
AW013137,B.1-5-6,94,"10 Gas Holder Place, SE11 5BH",01/05/2025,"R459-MBS-BZ-05-CT-X-64156 - B156 - IRS Data Cert - Flat 94 - 10 Gas Holder Place, London, SE11 5BH.pdf"
AW013138,B.1-5-7,95,"10 Gas Holder Place, SE11 5BH",01/05/2025,"R459-MBS-BZ-05-CT-X-64157 - B157 - IRS Data Cert - Flat 95 - 10 Gas Holder Place, London, SE11 5BH.pdf"
AW013139,B.1-5-8,96,"10 Gas Holder Place, SE11 5BH",01/05/2025,"R459-MBS-BZ-05-CT-X-64158 - B158 - IRS Data Cert - Flat 96 - 10 Gas Holder Place, London, SE11 5BH.pdf"
AW013140,B.1-5-9,97,"10 Gas Holder Place, SE11 5BH",01/05/2025,"R459-MBS-BZ-05-CT-X-64159 - B159 - IRS Data Cert - Flat 97 - 10 Gas Holder Place, London, SE11 5BH.pdf"
AW013279,B.1-5-10,98,"10 Gas Holder Place, SE11 5BH",01/05/2025,"R459-MBS-BZ-05-CT-X-641510 - B1510 - IRS Data Cert - Flat 98 - 10 Gas Holder Place, London, SE11 5BH.pdf"
AW013280,B.1-5-11,99,"10 Gas Holder Place, SE11 5BH",01/05/2025,"R459-MBS-BZ-05-CT-X-641511 - B1511 - IRS Data Cert - Flat 99 - 10 Gas Holder Place, London, SE11 5BH.pdf"
AW013141,B.1-6-1,100,"10 Gas Holder Place, SE11 5BH",01/05/2025,"R459-MBS-BZ-06-CT-X-64161 - B161 - IRS Data Cert - Flat 100 - 10 Gas Holder Place, London, SE11 5BH.pdf"
AW013142,B.1-6-2,101,"10 Gas Holder Place, SE11 5BH",01/05/2025,"R459-MBS-BZ-06-CT-X-64162 - B162 - IRS Data Cert - Flat 101 - 10 Gas Holder Place, London, SE11 5BH.pdf"
AW013143,B.1-6-3,102,"10 Gas Holder Place, SE11 5BH",01/05/2025,"R459-MBS-BZ-06-CT-X-64163 - B163 - IRS Data Cert - Flat 102 - 10 Gas Holder Place, London, SE11 5BH.pdf"
AW013144,B.1-6-4,103,"10 Gas Holder Place, SE11 5BH",01/05/2025,"R459-MBS-BZ-06-CT-X-64164 - B164 - IRS Data Cert - Flat 103 - 10 Gas Holder Place, London, SE11 5BH.pdf"
AW013145,B.1-6-5,104,"10 Gas Holder Place, SE11 5BH",01/05/2025,"R459-MBS-BZ-06-CT-X-64165 - B165 - IRS Data Cert - Flat 104 - 10 Gas Holder Place, London, SE11 5BH.pdf"
AW013146,B.1-6-6,105,"10 Gas Holder Place, SE11 5BH",01/05/2025,"R459-MBS-BZ-06-CT-X-64166 - B166 - IRS Data Cert - Flat 105 - 10 Gas Holder Place, London, SE11 5BH.pdf"
AW013147,B.1-6-7,106,"10 Gas Holder Place, SE11 5BH",01/05/2025,"R459-MBS-BZ-06-CT-X-64167 - B167 - IRS Data Cert - Flat 106 - 10 Gas Holder Place, London, SE11 5BH.pdf"
AW013148,B.1-6-8,107,"10 Gas Holder Place, SE11 5BH",01/05/2025,"R459-MBS-BZ-06-CT-X-64168 - B168 - IRS Data Cert - Flat 107 - 10 Gas Holder Place, London, SE11 5BH.pdf"
AW013149,B.1-6-9,108,"10 Gas Holder Place, SE11 5BH",01/05/2025,"R459-MBS-BZ-06-CT-X-64169 - B169 - IRS Data Cert - Flat 108 - 10 Gas Holder Place, London, SE11 5BH.pdf"
AW013281,B.1-6-10,109,"10 Gas Holder Place, SE11 5BH",01/05/2025,"R459-MBS-BZ-06-CT-X-641610 - B1610 - IRS Data Cert - Flat 109 - 10 Gas Holder Place, London, SE11 5BH.pdf"
AW013282,B.1-6-11,110,"10 Gas Holder Place, SE11 5BH",01/05/2025,"R459-MBS-BZ-06-CT-X-641611 - B1611 - IRS Data Cert - Flat 110 - 10 Gas Holder Place, London, SE11 5BH.pdf"
AW013150,B.1-7-1,111,"10 Gas Holder Place, SE11 5BH",01/05/2025,"R459-MBS-BZ-07-CT-X-64171 - B171 - IRS Data Cert - Flat 111 - 10 Gas Holder Place, London, SE11 5BH.pdf"
AW013151,B.1-7-2,112,"10 Gas Holder Place, SE11 5BH",01/05/2025,"R459-MBS-BZ-07-CT-X-64172 - B172 - IRS Data Cert - Flat 112 - 10 Gas Holder Place, London, SE11 5BH.pdf"
AW013152,B.1-7-3,113,"10 Gas Holder Place, SE11 5BH",01/05/2025,"R459-MBS-BZ-07-CT-X-64173 - B173 - IRS Data Cert - Flat 113 - 10 Gas Holder Place, London, SE11 5BH.pdf"
AW013153,B.1-7-4,114,"10 Gas Holder Place, SE11 5BH",01/05/2025,"R459-MBS-BZ-07-CT-X-64174 - B174 - IRS Data Cert - Flat 114 - 10 Gas Holder Place, London, SE11 5BH.pdf"
AW013154,B.1-7-5,115,"10 Gas Holder Place, SE11 5BH",01/05/2025,"R459-MBS-BZ-07-CT-X-64175 - B175 - IRS Data Cert - Flat 115 - 10 Gas Holder Place, London, SE11 5BH.pdf"
AW013155,B.1-7-6,116,"10 Gas Holder Place, SE11 5BH",01/05/2025,"R459-MBS-BZ-07-CT-X-64176 - B176 - IRS Data Cert - Flat 116 - 10 Gas Holder Place, London, SE11 5BH.pdf"
AW013156,B.1-7-7,117,"10 Gas Holder Place, SE11 5BH",01/05/2025,"R459-MBS-BZ-07-CT-X-64177 - B177 - IRS Data Cert - Flat 117 - 10 Gas Holder Place, London, SE11 5BH.pdf"
AW013157,B.1-7-8,118,"10 Gas Holder Place, SE11 5BH",01/05/2025,"R459-MBS-BZ-07-CT-X-64178 - B178 - IRS Data Cert - Flat 118 - 10 Gas Holder Place, London, SE11 5BH.pdf"
AW013158,B.1-7-9,119,"10 Gas Holder Place, SE11 5BH",01/05/2025,"R459-MBS-BZ-07-CT-X-64179 - B179 - IRS Data Cert - Flat 119 - 10 Gas Holder Place, London, SE11 5BH.pdf"
AW013283,B.1-7-10,120,"10 Gas Holder Place, SE11 5BH",01/05/2025,"R459-MBS-BZ-07-CT-X-641710 - B1710 - IRS Data Cert - Flat 120 - 10 Gas Holder Place, London, SE11 5BH.pdf"
AW013159,B.1-8-1,121,"10 Gas Holder Place, SE11 5BH",01/05/2025,"R459-MBS-BZ-08-CT-X-64181 - B181 - IRS Data Cert - Flat 121 - 10 Gas Holder Place, London, SE11 5BH.pdf"
AW013160,B.1-8-2,122,"10 Gas Holder Place, SE11 5BH",01/05/2025,"R459-MBS-BZ-08-CT-X-64182 - B182 - IRS Data Cert - Flat 122 - 10 Gas Holder Place, London, SE11 5BH.pdf"
AW013161,B.1-8-3,123,"10 Gas Holder Place, SE11 5BH",01/05/2025,"R459-MBS-BZ-08-CT-X-64183 - B183 - IRS Data Cert - Flat 123 - 10 Gas Holder Place, London, SE11 5BH.pdf"
AW013162,B.1-8-4,124,"10 Gas Holder Place, SE11 5BH",01/05/2025,"R459-MBS-BZ-08-CT-X-64184 - B184 - IRS Data Cert - Flat 124 - 10 Gas Holder Place, London, SE11 5BH.pdf"
AW013163,B.1-8-5,125,"10 Gas Holder Place, SE11 5BH",01/05/2025,"R459-MBS-BZ-08-CT-X-64185 - B185 - IRS Data Cert - Flat 125 - 10 Gas Holder Place, London, SE11 5BH.pdf"
AW013164,B.1-8-6,126,"10 Gas Holder Place, SE11 5BH",01/05/2025,"R459-MBS-BZ-08-CT-X-64186 - B186 - IRS Data Cert - Flat 126 - 10 Gas Holder Place, London, SE11 5BH.pdf"
AW013165,B.1-8-7,127,"10 Gas Holder Place, SE11 5BH",01/05/2025,"R459-MBS-BZ-08-CT-X-64187 - B187 - IRS Data Cert - Flat 127 - 10 Gas Holder Place, London, SE11 5BH.pdf"
AW013166,B.1-8-8,128,"10 Gas Holder Place, SE11 5BH",01/05/2025,"R459-MBS-BZ-08-CT-X-64188 - B188 - IRS Data Cert - Flat 128 - 10 Gas Holder Place, London, SE11 5BH.pdf"
AW013167,B.1-8-9,129,"10 Gas Holder Place, SE11 5BH",01/05/2025,"R459-MBS-BZ-08-CT-X-64189 - B189 - IRS Data Cert - Flat 129 - 10 Gas Holder Place, London, SE11 5BH.pdf"
AW013284,B.1-8-10,130,"10 Gas Holder Place, SE11 5BH",01/05/2025,"R459-MBS-BZ-08-CT-X-641810 - B1810 - IRS Data Cert - Flat 130 - 10 Gas Holder Place, London, SE11 5BH.pdf"
AW013168,B.1-9-1,131,"10 Gas Holder Place, SE11 5BN",01/05/2025,"R459-MBS-BZ-09-CT-X-64191 - B191 - IRS Data Cert - Flat 131 - 10 Gas Holder Place, London, SE11 5BN.pdf"
AW013169,B.1-9-2,132,"10 Gas Holder Place, SE11 5BN",01/05/2025,"R459-MBS-BZ-09-CT-X-64192 - B192 - IRS Data Cert - Flat 132 - 10 Gas Holder Place, London, SE11 5BN.pdf"
AW013170,B.1-9-3,133,"10 Gas Holder Place, SE11 5BN",01/05/2025,"R459-MBS-BZ-09-CT-X-64193 - B193 - IRS Data Cert - Flat 133 - 10 Gas Holder Place, London, SE11 5BN.pdf"
AW013171,B.1-9-4,134,"10 Gas Holder Place, SE11 5BN",01/05/2025,"R459-MBS-BZ-09-CT-X-64194 - B194 - IRS Data Cert - Flat 134 - 10 Gas Holder Place, London, SE11 5BN.pdf"
AW013172,B.1-9-5,135,"10 Gas Holder Place, SE11 5BN",01/05/2025,"R459-MBS-BZ-09-CT-X-64195 - B195 - IRS Data Cert - Flat 135 - 10 Gas Holder Place, London, SE11 5BN.pdf"
AW013173,B.1-9-6,136,"10 Gas Holder Place, SE11 5BN",01/05/2025,"R459-MBS-BZ-09-CT-X-64196 - B196 - IRS Data Cert - Flat 136 - 10 Gas Holder Place, London, SE11 5BN.pdf"
AW013174,B.1-9-7,137,"10 Gas Holder Place, SE11 5BN",01/05/2025,"R459-MBS-BZ-09-CT-X-64197 - B197 - IRS Data Cert - Flat 137 - 10 Gas Holder Place, London, SE11 5BN.pdf"
AW013175,B.1-9-8,138,"10 Gas Holder Place, SE11 5BN",01/05/2025,"R459-MBS-BZ-09-CT-X-64198 - B198 - IRS Data Cert - Flat 138 - 10 Gas Holder Place, London, SE11 5BN.pdf"
AW013200,B.1-9-9,139,"10 Gas Holder Place, SE11 5BN",01/05/2025,"R459-MBS-BZ-09-CT-X-64199 - B199 - IRS Data Cert - Flat 139 - 10 Gas Holder Place, London, SE11 5BN.pdf"
AW013209,B.1-9-10,140,"10 Gas Holder Place, SE11 5BN",01/05/2025,"R459-MBS-BZ-09-CT-X-641910 - B1910 - IRS Data Cert - Flat 140 - 10 Gas Holder Place, London, SE11 5BN.pdf"
AW013250,B.1-10-1,141,"10 Gas Holder Place, SE11 5BN",01/05/2025,"R459-MBS-BZ-10-CT-X-641101 - B1101 - IRS Data Cert - Flat 141 - 10 Gas Holder Place, London, SE11 5BN.pdf"
AW013251,B.1-10-2,142,"10 Gas Holder Place, SE11 5BN",01/05/2025,"R459-MBS-BZ-10-CT-X-641102 - B1102 - IRS Data Cert - Flat 142 - 10 Gas Holder Place, London, SE11 5BN.pdf"
AW013252,B.1-10-3,143,"10 Gas Holder Place, SE11 5BN",01/05/2025,"R459-MBS-BZ-10-CT-X-641103 - B1103 - IRS Data Cert - Flat 143 - 10 Gas Holder Place, London, SE11 5BN.pdf"
AW013253,B.1-10-4,144,"10 Gas Holder Place, SE11 5BN",01/05/2025,"R459-MBS-BZ-10-CT-X-641104 - B1104 - IRS Data Cert - Flat 144 - 10 Gas Holder Place, London, SE11 5BN.pdf"
AW013254,B.1-11-1,145,"10 Gas Holder Place, SE11 5BN",01/05/2025,"R459-MBS-BZ-11-CT-X-641111 - B1111 - IRS Data Cert - Flat 145 - 10 Gas Holder Place, London, SE11 5BN.pdf"
AW013255,B.1-11-2,146,"10 Gas Holder Place, SE11 5BN",01/05/2025,"R459-MBS-BZ-11-CT-X-641112 - B1112 - IRS Data Cert - Flat 146 - 10 Gas Holder Place, London, SE11 5BN.pdf"
AW013256,B.1-11-3,147,"10 Gas Holder Place, SE11 5BN",01/05/2025,"R459-MBS-BZ-11-CT-X-641113 - B1113 - IRS Data Cert - Flat 147 - 10 Gas Holder Place, London, SE11 5BN.pdf"
AW013257,B.1-11-4,148,"10 Gas Holder Place, SE11 5BN",01/05/2025,"R459-MBS-BZ-11-CT-X-641114 - B1114 - IRS Data Cert - Flat 148 - 10 Gas Holder Place, London, SE11 5BN.pdf"
AW013258,B.1-12-1,149,"10 Gas Holder Place, SE11 5BN",01/05/2025,"R459-MBS-BZ-12-CT-X-641121 - B1121 - IRS Data Cert - Flat 149 - 10 Gas Holder Place, London, SE11 5BN.pdf"
AW013259,B.1-12-2,150,"10 Gas Holder Place, SE11 5BN",01/05/2025,"R459-MBS-BZ-12-CT-X-641122 - B1122 - IRS Data Cert - Flat 150 - 10 Gas Holder Place, London, SE11 5BN.pdf"
AW013260,B.1-12-3,151,"10 Gas Holder Place, SE11 5BN",01/05/2025,"R459-MBS-BZ-12-CT-X-641123 - B1123 - IRS Data Cert - Flat 151 - 10 Gas Holder Place, London, SE11 5BN.pdf"
AW013261,B.1-12-4,152,"10 Gas Holder Place, SE11 5BN",01/05/2025,"R459-MBS-BZ-12-CT-X-641124 - B1124 - IRS Data Cert - Flat 152 - 10 Gas Holder Place, London, SE11 5BN.pdf"
AW013262,B.1-13-1,153,"10 Gas Holder Place, SE11 5BN",01/05/2025,"R459-MBS-BZ-13-CT-X-641131 - B1131 - IRS Data Cert - Flat 153 - 10 Gas Holder Place, London, SE11 5BN.pdf"
AW013263,B.1-13-2,154,"10 Gas Holder Place, SE11 5BN",01/05/2025,"R459-MBS-BZ-13-CT-X-641132 - B1132 - IRS Data Cert - Flat 154 - 10 Gas Holder Place, London, SE11 5BN.pdf"
AW013264,B.1-13-3,155,"10 Gas Holder Place, SE11 5BN",01/05/2025,"R459-MBS-BZ-13-CT-X-641133 - B1133 - IRS Data Cert - Flat 155 - 10 Gas Holder Place, London, SE11 5BN.pdf"
AW013265,B.1-13-4,156,"10 Gas Holder Place, SE11 5BN",01/05/2025,"R459-MBS-BZ-13-CT-X-641134 - B1134 - IRS Data Cert - Flat 156 - 10 Gas Holder Place, London, SE11 5BN.pdf"
AW013266,B.1-14-1,157,"10 Gas Holder Place, SE11 5BN",01/05/2025,"R459-MBS-BZ-14-CT-X-641141 - B1141 - IRS Data Cert - Flat 157 - 10 Gas Holder Place, London, SE11 5BN.pdf"
AW013267,B.1-14-2,158,"10 Gas Holder Place, SE11 5BN",01/05/2025,"R459-MBS-BZ-14-CT-X-641142 - B1142 - IRS Data Cert - Flat 158 - 10 Gas Holder Place, London, SE11 5BN.pdf"
AW013268,B.1-14-3,159,"10 Gas Holder Place, SE11 5BN",01/05/2025,"R459-MBS-BZ-14-CT-X-641143 - B1143 - IRS Data Cert - Flat 159 - 10 Gas Holder Place, London, SE11 5BN.pdf"
AW013269,B.1-14-4,160,"10 Gas Holder Place, SE11 5BN",01/05/2025,"R459-MBS-BZ-14-CT-X-641144 - B1144 - IRS Data Cert - Flat 160 - 10 Gas Holder Place, London, SE11 5BN.pdf"
AW013270,B.1-15-1,161,"10 Gas Holder Place, SE11 5BN",01/05/2025,"R459-MBS-BZ-15-CT-X-641151 - B1151 - IRS Data Cert - Flat 161 - 10 Gas Holder Place, London, SE11 5BN.pdf"
AW013271,B.1-15-2,162,"10 Gas Holder Place, SE11 5BN",01/05/2025,"R459-MBS-BZ-15-CT-X-641152 - B1152 - IRS Data Cert - Flat 162 - 10 Gas Holder Place, London, SE11 5BN.pdf"
AW013272,B.1-15-3,163,"10 Gas Holder Place, SE11 5BN",01/05/2025,"R459-MBS-BZ-15-CT-X-641153 - B1153 - IRS Data Cert - Flat 163 - 10 Gas Holder Place, London, SE11 5BN.pdf"
AW013273,B.1-16-1,164,"10 Gas Holder Place, SE11 5BN",01/05/2025,"R459-MBS-BZ-16-CT-X-641161 - B1161 - IRS Data Cert - Flat 164 - 10 Gas Holder Place, London, SE11 5BN.pdf"
AW013274,B.1-16-2,165,"10 Gas Holder Place, SE11 5BN",01/05/2025,"R459-MBS-BZ-16-CT-X-641162 - B1162 - IRS Data Cert - Flat 165 - 10 Gas Holder Place, London, SE11 5BN.pdf"
AW013275,B.1-16-3,166,"10 Gas Holder Place, SE11 5BN",01/05/2025,"R459-MBS-BZ-16-CT-X-641163 - B1163 - IRS Data Cert - Flat 166 - 10 Gas Holder Place, London, SE11 5BN.pdf"
AW013276,B.1-17-1,167,"10 Gas Holder Place, SE11 5BN",01/05/2025,"R459-MBS-BZ-17-CT-X-641171 - B1171 - IRS Data Cert - Flat 167 - 10 Gas Holder Place, London, SE11 5BN.pdf"
AW013277,B.1-17-2,168,"10 Gas Holder Place, SE11 5BN",01/05/2025,"R459-MBS-BZ-17-CT-X-641172 - B1172 - IRS Data Cert - Flat 168 - 10 Gas Holder Place, London, SE11 5BN.pdf"
AW013278,B.1-17-3,169,"10 Gas Holder Place, SE11 5BN",01/05/2025,"R459-MBS-BZ-17-CT-X-641173 - B1173 - IRS Data Cert - Flat 169 - 10 Gas Holder Place, London, SE11 5BN.pdf"
AW169925,B.1-18-1,170,"10 Gas Holder Place, SE11 5BN",01/05/2025,"R459-MBS-BZ-18-CT-X-641181 - B1181 - IRS Data Cert - Flat 170 - 10 Gas Holder Place, London, SE11 5BN.pdf"
AW169926,B.1-18-2,171,"10 Gas Holder Place, SE11 5BN",01/05/2025,"R459-MBS-BZ-18-CT-X-641182 - B1182 - IRS Data Cert - Flat 171 - 10 Gas Holder Place, London, SE11 5BN.pdf"
AW169927,B.1-18-3,172,"10 Gas Holder Place, SE11 5BN",01/05/2025,"R459-MBS-BZ-18-CT-X-641183 - B1183 - IRS Data Cert - Flat 172 - 10 Gas Holder Place, London, SE11 5BN.pdf"
AW169920,B.2-0-1,1,"9 Woodall Way, SE11 5BQ",01/05/2025,"R459-MBS-BZ-00-CT-X-64201 - B201 - IRS Data Cert - Flat 1 - 9 Woodall Way, London, SE11 5BQ.pdf"
AW169921,B.2-0-2,,"7 Woodall Way, SE11 5BP",01/05/2025,"R459-MBS-BZ-00-CT-X-64202 - B202 - IRS Data Cert - 7 Woodall Way, London, SE11 5BP.pdf"
AW169922,B.2-0-3,,"5 Woodall Way, SE11 5BP",01/05/2025,"R459-MBS-BZ-00-CT-X-64203 - B203 - IRS Data Cert - 5 Woodall Way, London, SE11 5BP.pdf"
AW169923,B.2-0-4,,"3 Woodall Way, SE11 5BP",01/05/2025,"R459-MBS-BZ-00-CT-X-64204 - B204 - IRS Data Cert - 3 Woodall Way, London, SE11 5BP.pdf"
AW169924,B.2-0-5,,"1 Woodall Way, SE11 5BP",01/05/2025,"R459-MBS-BZ-00-CT-X-64205 - B205 - IRS Data Cert - 1 Woodall Way, London, SE11 5BP.pdf"
AW013176,B.2-1-1,21,"10 Gas Holder Place, SE11 5BF",01/05/2025,"R459-MBS-BZ-01-CT-X-64211 - B211 - IRS Data Cert - Flat 21 - 10 Gas Holder Place, London, SE11 5BF.pdf"
AW013177,B.2-1-2,22,"10 Gas Holder Place, SE11 5BF",01/05/2025,"R459-MBS-BZ-01-CT-X-64212 - B212 - IRS Data Cert - Flat 22 - 10 Gas Holder Place, London, SE11 5BF.pdf"
AW013178,B.2-1-3,12,"10 Gas Holder Place, SE11 5BF",01/05/2025,"R459-MBS-BZ-01-CT-X-64213 - B213 - IRS Data Cert - Flat 12 - 10 Gas Holder Place, London, SE11 5BF.pdf"
AW013179,B.2-1-4,13,"10 Gas Holder Place, SE11 5BF",01/05/2025,"R459-MBS-BZ-01-CT-X-64214 - B214 - IRS Data Cert - Flat 13 - 10 Gas Holder Place, London, SE11 5BF.pdf"
AW013180,B.2-1-5,14,"10 Gas Holder Place, SE11 5BF",01/05/2025,"R459-MBS-BZ-01-CT-X-64215 - B215 - IRS Data Cert - Flat 14 - 10 Gas Holder Place, London, SE11 5BF.pdf"
AW013181,B.2-1-6,15,"10 Gas Holder Place, SE11 5BF",01/05/2025,"R459-MBS-BZ-01-CT-X-64216 - B216 - IRS Data Cert - Flat 15 - 10 Gas Holder Place, London, SE11 5BF.pdf"
AW013182,B.2-1-7,16,"10 Gas Holder Place, SE11 5BF",01/05/2025,"R459-MBS-BZ-01-CT-X-64217 - B217 - IRS Data Cert - Flat 16 - 10 Gas Holder Place, London, SE11 5BF.pdf"
AW013183,B.2-1-8,17,"10 Gas Holder Place, SE11 5BF",01/05/2025,"R459-MBS-BZ-01-CT-X-64218 - B218 - IRS Data Cert - Flat 17 - 10 Gas Holder Place, London, SE11 5BF.pdf"
AW013184,B.2-1-9,18,"10 Gas Holder Place, SE11 5BF",01/05/2025,"R459-MBS-BZ-01-CT-X-64219 - B219 - IRS Data Cert - Flat 18 - 10 Gas Holder Place, London, SE11 5BF.pdf"
AW013285,B.2-1-10,19,"10 Gas Holder Place, SE11 5BF",01/05/2025,"R459-MBS-BZ-01-CT-X-642110 - B2110 - IRS Data Cert - Flat 19 - 10 Gas Holder Place, London, SE11 5BF.pdf"
AW013218,B.2-1-11,20,"10 Gas Holder Place, SE11 5BF",01/05/2025,"R459-MBS-BZ-01-CT-X-642111 - B2111 - IRS Data Cert - Flat 20 - 10 Gas Holder Place, London, SE11 5BF.pdf"
AW013185,B.2-2-1,43,"10 Gas Holder Place, SE11 5BF",01/05/2025,"R459-MBS-BZ-02-CT-X-64221 - B221 - IRS Data Cert - Flat 43 - 10 Gas Holder Place, London, SE11 5BF.pdf"
AW013186,B.2-2-2,44,"10 Gas Holder Place, SE11 5BF",01/05/2025,"R459-MBS-BZ-02-CT-X-64222 - B222 - IRS Data Cert - Flat 44 - 10 Gas Holder Place, London, SE11 5BF.pdf"
AW013187,B.2-2-3,34,"10 Gas Holder Place, SE11 5BF",01/05/2025,"R459-MBS-BZ-02-CT-X-64223 - B223 - IRS Data Cert - Flat 34 - 10 Gas Holder Place, London, SE11 5BF.pdf"
AW013188,B.2-2-4,35,"10 Gas Holder Place, SE11 5BF",01/05/2025,"R459-MBS-BZ-02-CT-X-64224 - B224 - IRS Data Cert - Flat 35 - 10 Gas Holder Place, London, SE11 5BF.pdf"
AW013189,B.2-2-5,36,"10 Gas Holder Place, SE11 5BF",01/05/2025,"R459-MBS-BZ-02-CT-X-64225 - B225 - IRS Data Cert - Flat 36 - 10 Gas Holder Place, London, SE11 5BF.pdf"
AW013190,B.2-2-6,37,"10 Gas Holder Place, SE11 5BF",01/05/2025,"R459-MBS-BZ-02-CT-X-64226 - B226 - IRS Data Cert - Flat 37 - 10 Gas Holder Place, London, SE11 5BF.pdf"
AW013191,B.2-2-7,38,"10 Gas Holder Place, SE11 5BF",01/05/2025,"R459-MBS-BZ-02-CT-X-64227 - B227 - IRS Data Cert - Flat 38 - 10 Gas Holder Place, London, SE11 5BF.pdf"
AW013192,B.2-2-8,39,"10 Gas Holder Place, SE11 5BF",01/05/2025,"R459-MBS-BZ-02-CT-X-64228 - B228 - IRS Data Cert - Flat 39 - 10 Gas Holder Place, London, SE11 5BF.pdf"
AW013193,B.2-2-9,40,"10 Gas Holder Place, SE11 5BF",01/05/2025,"R459-MBS-BZ-02-CT-X-64229 - B229 - IRS Data Cert - Flat 40 - 10 Gas Holder Place, London, SE11 5BF.pdf"
AW013288,B.2-2-10,41,"10 Gas Holder Place, SE11 5BF",01/05/2025,"R459-MBS-BZ-02-CT-X-642210 - B2210 - IRS Data Cert - Flat 41 - 10 Gas Holder Place, London, SE11 5BF.pdf"
AW013289,B.2-2-11,42,"10 Gas Holder Place, SE11 5BF",01/05/2025,"R459-MBS-BZ-02-CT-X-642211 - B2211 - IRS Data Cert - Flat 42 - 10 Gas Holder Place, London, SE11 5BF.pdf"
AW013194,B.2-3-1,64,"10 Gas Holder Place, SE11 5BF",01/05/2025,"R459-MBS-BZ-03-CT-X-64231 - B231 - IRS Data Cert - Flat 64 - 10 Gas Holder Place, London, SE11 5BF.pdf"
AW013195,B.2-3-2,65,"10 Gas Holder Place, SE11 5BF",01/05/2025,"R459-MBS-BZ-03-CT-X-64232 - B232 - IRS Data Cert - Flat 65 - 10 Gas Holder Place, London, SE11 5BF.pdf"
AW013196,B.2-3-3,56,"10 Gas Holder Place, SE11 5BF",01/05/2025,"R459-MBS-BZ-03-CT-X-64233 - B233 - IRS Data Cert - Flat 56 - 10 Gas Holder Place, London, SE11 5BF.pdf"
AW013197,B.2-3-4,57,"10 Gas Holder Place, SE11 5BF",01/05/2025,"R459-MBS-BZ-03-CT-X-64234 - B234 - IRS Data Cert - Flat 57 - 10 Gas Holder Place, London, SE11 5BF.pdf"
AW013198,B.2-3-5,58,"10 Gas Holder Place, SE11 5BF",01/05/2025,"R459-MBS-BZ-03-CT-X-64235 - B235 - IRS Data Cert - Flat 58 - 10 Gas Holder Place, London, SE11 5BF.pdf"
AW013199,B.2-3-6,59,"10 Gas Holder Place, SE11 5BF",01/05/2025,"R459-MBS-BZ-03-CT-X-64236 - B236 - IRS Data Cert - Flat 59 - 10 Gas Holder Place, London, SE11 5BF.pdf"
AW013201,B.2-3-8,60,"10 Gas Holder Place, SE11 5BF",01/05/2025,"R459-MBS-BZ-03-CT-X-64238 - B238 - IRS Data Cert - Flat 60 - 10 Gas Holder Place, London, SE11 5BF.pdf"
AW013202,B.2-3-9,61,"10 Gas Holder Place, SE11 5BF",01/05/2025,"R459-MBS-BZ-03-CT-X-64239 - B239 - IRS Data Cert - Flat 61 - 10 Gas Holder Place, London, SE11 5BF.pdf"
AW013290,B.2-3-10,62,"10 Gas Holder Place, SE11 5BF",01/05/2025,"R459-MBS-BZ-03-CT-X-642310 - B2310 - IRS Data Cert - Flat 62 - 10 Gas Holder Place, London, SE11 5BF.pdf"
AW013291,B.2-3-11,63,"10 Gas Holder Place, SE11 5BF",01/05/2025,"R459-MBS-BZ-03-CT-X-642311 - B2311 - IRS Data Cert - Flat 63 - 10 Gas Holder Place, London, SE11 5BF.pdf"
AW013203,B.2-4-1,85,"10 Gas Holder Place, SE11 5BH",01/05/2025,"R459-MBS-BZ-04-CT-X-64241 - B241 - IRS Data Cert - Flat 85 - 10 Gas Holder Place, London, SE11 5BH.pdf"
AW013204,B.2-4-2,86,"10 Gas Holder Place, SE11 5BH",01/05/2025,"R459-MBS-BZ-04-CT-X-64242 - B242 - IRS Data Cert - Flat 86 - 10 Gas Holder Place, London, SE11 5BH.pdf"
AW013205,B.2-4-3,77,"10 Gas Holder Place, SE11 5BH",01/05/2025,"R459-MBS-BZ-04-CT-X-64243 - B243 - IRS Data Cert - Flat 77 - 10 Gas Holder Place, London, SE11 5BH.pdf"
AW013206,B.2-4-4,78,"10 Gas Holder Place, SE11 5BH",01/05/2025,"R459-MBS-BZ-04-CT-X-64244 - B244 - IRS Data Cert - Flat 78 - 10 Gas Holder Place, London, SE11 5BH.pdf"
AW013207,B.2-4-5,79,"10 Gas Holder Place, SE11 5BH",01/05/2025,"R459-MBS-BZ-04-CT-X-64245 - B245 - IRS Data Cert - Flat 79 - 10 Gas Holder Place, London, SE11 5BH.pdf"
AW013208,B.2-4-6,80,"10 Gas Holder Place, SE11 5BH",01/05/2025,"R459-MBS-BZ-04-CT-X-64246 - B246 - IRS Data Cert - Flat 80 - 10 Gas Holder Place, London, SE11 5BH.pdf"
AW013210,B.2-4-8,81,"10 Gas Holder Place, SE11 5BH",01/05/2025,"R459-MBS-BZ-04-CT-X-64248 - B248 - IRS Data Cert - Flat 81 - 10 Gas Holder Place, London, SE11 5BH.pdf"
AW013211,B.2-4-9,82,"10 Gas Holder Place, SE11 5BH",01/05/2025,"R459-MBS-BZ-04-CT-X-64249 - B249 - IRS Data Cert - Flat 82 - 10 Gas Holder Place, London, SE11 5BH.pdf"
AW013292,B.2-4-10,83,"10 Gas Holder Place, SE11 5BH",01/05/2025,"R459-MBS-BZ-04-CT-X-642410 - B2410 - IRS Data Cert - Flat 83 - 10 Gas Holder Place, London, SE11 5BH.pdf"
AW013293,B.2-4-11,84,"10 Gas Holder Place, SE11 5BH",01/05/2025,"R459-MBS-BZ-04-CT-X-642411 - B2411 - IRS Data Cert - Flat 84 - 10 Gas Holder Place, London, SE11 5BH.pdf"
AW013212,B.2-5-1,2,"9 Woodall Way, SE11 5BQ",01/05/2025,"R459-MBS-BZ-05-CT-X-64251 - B251 - IRS Data Cert - Flat 2 - 9 Woodall Way, London, SE11 5BQ.pdf"
AW013213,B.2-5-2,3,"9 Woodall Way, SE11 5BQ",01/05/2025,"R459-MBS-BZ-05-CT-X-64252 - B252 - IRS Data Cert - Flat 3 - 9 Woodall Way, London, SE11 5BQ.pdf"
AW013214,B.2-5-3,4,"9 Woodall Way, SE11 5BQ",01/05/2025,"R459-MBS-BZ-05-CT-X-64253 - B253 - IRS Data Cert - Flat 4 - 9 Woodall Way, London, SE11 5BQ.pdf"
AW013215,B.2-5-4,4,"9 Woodall Way, SE11 5BQ",01/05/2025,"R459-MBS-BZ-05-CT-X-64254 - B254 - IRS Data Cert - Flat 4 - 9 Woodall Way, London, SE11 5BQ.pdf"
AW013216,B.2-5-5,5,"9 Woodall Way, SE11 5BQ",01/05/2025,"R459-MBS-BZ-05-CT-X-64255 - B255 - IRS Data Cert - Flat 5 - 9 Woodall Way, London, SE11 5BQ.pdf"
AW013217,B.2-5-6,6,"9 Woodall Way, SE11 5BQ",01/05/2025,"R459-MBS-BZ-05-CT-X-64256 - B256 - IRS Data Cert - Flat 6 - 9 Woodall Way, London, SE11 5BQ.pdf"
AW013219,B.2-5-8,7,"9 Woodall Way, SE11 5BQ",01/05/2025,"R459-MBS-BZ-05-CT-X-64258 - B258 - IRS Data Cert - Flat 7 - 9 Woodall Way, London, SE11 5BQ.pdf"
AW013220,B.2-5-9,8,"9 Woodall Way, SE11 5BQ",01/05/2025,"R459-MBS-BZ-05-CT-X-64259 - B259 - IRS Data Cert - Flat 8 - 9 Woodall Way, London, SE11 5BQ.pdf"
AW013294,B.2-5-10,9,"9 Woodall Way, SE11 5BQ",01/05/2025,"R459-MBS-BZ-05-CT-X-2510 - B2510 - IRS Data Cert - Flat 9 - 9 Woodall Way, London, SE11 5BQ.pdf"
AW013295,B.2-5-11,10,"9 Woodall Way, SE11 5BQ",01/05/2025,"R459-MBS-BZ-05-CT-X-2511 - B2511 - IRS Data Cert - Flat 10 - 9 Woodall Way, London, SE11 5BQ.pdf"
AW013221,B.2-6-1,11,"9 Woodall Way, SE11 5BQ",01/05/2025,"R459-MBS-BZ-06-CT-X-261 - B261 - IRS Data Cert - Flat 11 - 9 Woodall Way, London, SE11 5BQ.pdf"
AW013222,B.2-6-2,12,"9 Woodall Way, SE11 5BQ",01/05/2025,"R459-MBS-BZ-06-CT-X-262 - B262 - IRS Data Cert - Flat 12 - 9 Woodall Way, London, SE11 5BQ.pdf"
AW013223,B.2-6-3,14,"9 Woodall Way, SE11 5BQ",01/05/2025,"R459-MBS-BZ-06-CT-X-263 - B263 - IRS Data Cert - Flat 14 - 9 Woodall Way, London, SE11 5BQ.pdf"
AW013224,B.2-6-4,13,"9 Woodall Way, SE11 5BQ",01/05/2025,"R459-MBS-BZ-06-CT-X-264 - B264 - IRS Data Cert - Flat 13 - 9 Woodall Way, London, SE11 5BQ.pdf"
AW013225,B.2-6-5,14,"9 Woodall Way, SE11 5BQ",01/05/2025,"R459-MBS-BZ-06-CT-X-265 - B265 - IRS Data Cert - Flat 14 - 9 Woodall Way, London, SE11 5BQ.pdf"
AW013226,B.2-6-6,15,"9 Woodall Way, SE11 5BQ",01/05/2025,"R459-MBS-BZ-06-CT-X-266 - B266 - IRS Data Cert - Flat 15 - 9 Woodall Way, London, SE11 5BQ.pdf"
AW013228,B.2-6-8,16,"9 Woodall Way, SE11 5BQ",01/05/2025,"R459-MBS-BZ-06-CT-X-268 - B268 - IRS Data Cert - Flat 16 - 9 Woodall Way, London, SE11 5BQ.pdf"
AW013229,B.2-6-9,17,"9 Woodall Way, SE11 5BQ",01/05/2025,"R459-MBS-BZ-06-CT-X-269 - B269 - IRS Data Cert - Flat 17 - 9 Woodall Way, London, SE11 5BQ.pdf"
AW013296,B.2-6-10,18,"9 Woodall Way, SE11 5BQ",01/05/2025,"R459-MBS-BZ-06-CT-X-2610 - B2610 - IRS Data Cert - Flat 18 - 9 Woodall Way, London, SE11 5BQ.pdf"
AW013297,B.2-6-11,19,"9 Woodall Way, SE11 5BQ",01/05/2025,"R459-MBS-BZ-06-CT-X-2611 - B2611 - IRS Data Cert - Flat 19 - 9 Woodall Way, London, SE11 5BQ.pdf"
AW013230,B.2-7-1,20,"9 Woodall Way, SE11 5BQ",01/05/2025,"R459-MBS-BZ-07-CT-X-271 - B271 - IRS Data Cert - Flat 20 - 9 Woodall Way, London, SE11 5BQ.pdf"
AW013231,B.2-7-2,21,"9 Woodall Way, SE11 5BQ",01/05/2025,"R459-MBS-BZ-07-CT-X-272 - B272 - IRS Data Cert - Flat 21 - 9 Woodall Way, London, SE11 5BQ.pdf"
AW013232,B.2-7-3,24,"9 Woodall Way, SE11 5BQ",01/05/2025,"R459-MBS-BZ-07-CT-X-273 - B273 - IRS Data Cert - Flat 24 - 9 Woodall Way, London, SE11 5BQ.pdf"
AW013233,B.2-7-4,22,"9 Woodall Way, SE11 5BQ",01/05/2025,"R459-MBS-BZ-07-CT-X-274 - B274 - IRS Data Cert - Flat 22 - 9 Woodall Way, London, SE11 5BQ.pdf"
AW013234,B.2-7-5,23,"9 Woodall Way, SE11 5BQ",01/05/2025,"R459-MBS-BZ-07-CT-X-275 - B275 - IRS Data Cert - Flat 23 - 9 Woodall Way, London, SE11 5BQ.pdf"
AW013235,B.2-7-6,24,"9 Woodall Way, SE11 5BQ",01/05/2025,"R459-MBS-BZ-07-CT-X-276 - B276 - IRS Data Cert - Flat 24 - 9 Woodall Way, London, SE11 5BQ.pdf"
AW013237,B.2-7-8,25,"9 Woodall Way, SE11 5BQ",01/05/2025,"R459-MBS-BZ-07-CT-X-278 - B278 - IRS Data Cert - Flat 25 - 9 Woodall Way, London, SE11 5BQ.pdf"
AW013238,B.2-7-9,26,"9 Woodall Way, SE11 5BQ",01/05/2025,"R459-MBS-BZ-07-CT-X-279 - B279 - IRS Data Cert - Flat 26 - 9 Woodall Way, London, SE11 5BQ.pdf"
AW013298,B.2-7-10,27,"9 Woodall Way, SE11 5BQ",01/05/2025,"R459-MBS-BZ-07-CT-X-2710 - B2710 - IRS Data Cert - Flat 27 - 9 Woodall Way, London, SE11 5BQ.pdf"
AW013239,B.2-8-1,28,"9 Woodall Way, SE11 5BQ",01/05/2025,"R459-MBS-BZ-08-CT-X-281 - B281 - IRS Data Cert - Flat 28 - 9 Woodall Way, London, SE11 5BQ.pdf"
AW013240,B.2-8-2,29,"9 Woodall Way, SE11 5BQ",01/05/2025,"R459-MBS-BZ-08-CT-X-282 - B282 - IRS Data Cert - Flat 29 - 9 Woodall Way, London, SE11 5BQ.pdf"
AW013242,B.2-8-4,30,"9 Woodall Way, SE11 5BQ",01/05/2025,"R459-MBS-BZ-08-CT-X-284 - B284 - IRS Data Cert - Flat 30 - 9 Woodall Way, London, SE11 5BQ.pdf"
AW013243,B.2-8-5,31,"9 Woodall Way, SE11 5BQ",01/05/2025,"R459-MBS-BZ-08-CT-X-285 - B285 - IRS Data Cert - Flat 31 - 9 Woodall Way, London, SE11 5BQ.pdf"
AW013244,B.2-8-6,32,"9 Woodall Way, SE11 5BQ",01/05/2025,"R459-MBS-BZ-08-CT-X-286 - B286 - IRS Data Cert - Flat 32 - 9 Woodall Way, London, SE11 5BQ.pdf"
AW013245,B.2-9-1,33,"9 Woodall Way, SE11 5BQ",01/05/2025,"R459-MBS-BZ-09-CT-X-291 - B291 - IRS Data Cert - Flat 33 - 9 Woodall Way, London, SE11 5BQ.pdf"
AW013246,B.2-9-2,34,"9 Woodall Way, SE11 5BQ",01/05/2025,"R459-MBS-BZ-09-CT-X-292 - B292 - IRS Data Cert - Flat 34 - 9 Woodall Way, London, SE11 5BQ.pdf"
AW013248,B.2-9-4,35,"9 Woodall Way, SE11 5BQ",01/05/2025,"R459-MBS-BZ-09-CT-X-294 - B294 - IRS Data Cert - Flat 35 - 9 Woodall Way, London, SE11 5BQ.pdf"
AW013249,B.2-9-5,36,"9 Woodall Way, SE11 5BQ",01/05/2025,"R459-MBS-BZ-09-CT-X-295 - B295 - IRS Data Cert - Flat 36 - 9 Woodall Way, London, SE11 5BQ.pdf"
AW013227,B.2-9-6,37,"9 Woodall Way, SE11 5BQ",01/05/2025,"R459-MBS-BZ-09-CT-X-296 - B296 - IRS Data Cert - Flat 37 - 9 Woodall Way, London, SE11 5BQ.pdf"
AW013286,B.2-10-1,38,"9 Woodall Way, SE11 5BQ",01/05/2025,"R459-MBS-BZ-10-CT-X-2101 - B2101 - IRS Data Cert - Flat 38 - 9 Woodall Way, London, SE11 5BQ.pdf"
AW013287,B.2-10-2,39,"9 Woodall Way, SE11 5BQ",01/05/2025,"R459-MBS-BZ-10-CT-X-2102 - B2102 - IRS Data Cert - Flat 39 - 9 Woodall Way, London, SE11 5BQ.pdf"
AW013286,B.2-10-4,40,"9 Woodall Way, SE11 5BQ",01/05/2025,"R459-MBS-BZ-10-CT-X-2104 - B2104 - IRS Data Cert - Flat 40 - 9 Woodall Way, London, SE11 5BQ.pdf"
AW013287,B.2-10-5,41,"9 Woodall Way, SE11 5BQ",01/05/2025,"R459-MBS-BZ-10-CT-X-2105 - B2105 - IRS Data Cert - Flat 41 - 9 Woodall Way, London, SE11 5BQ.pdf"
AW013247,B.2-11-1,42,"9 Woodall Way, SE11 5BQ",01/05/2025,"R459-MBS-BZ-11-CT-X-2111 - B2111 - IRS Data Cert - Flat 42 - 9 Woodall Way, London, SE11 5BQ.pdf"
AW169928,B.2-11-2,43,"9 Woodall Way, SE11 5BQ",01/05/2025,"R459-MBS-BZ-11-CT-X-2112 - B2112 - IRS Data Cert - Flat 43 - 9 Woodall Way, London, SE11 5BQ.pdf"
